{
      "ng":19 ,
      "nshell":7 ,
      "ex":[
                 3.4252509140,
                 0.6239137298,
                 0.1688554040,
                71.6168373490,
                13.0450963236,
                 3.5305121601,
                 2.9412493552,
                 0.6834830964,
                 0.2222899159,
               468.3656377860,
                85.3133855910,
                23.0891315616,
                28.0326395841,
                 6.5141825769,
                 2.1186143516,
                 1.4618890144,
                 0.4078633244,
                 0.1596349409,
                 0.5500000000 
      ] ,
      "cs":[
                 0.2769343551,
                 0.2678388516,
                 0.0834736711,
                 2.7078144162,
                 2.6188802158,
                 0.8161905734,
                -0.1600171867,
                 0.2140359145,
                 0.1615360975,
                11.0737907051,
                10.7100882608,
                 3.3378667056,
                -0.8679920392,
                 1.1610094744,
                 0.8762311697,
                -0.2080982898,
                 0.0820590317,
                 0.1620655794,
                 0.0000000000 
      ] ,
      "cp":[
                 0.0000000000,
                 0.0000000000,
                 0.0000000000,
                 0.0000000000,
                 0.0000000000,
                 0.0000000000,
                 0.8560445065,
                 0.5383037576,
                 0.0852763592,
                 0.0000000000,
                 0.0000000000,
                 0.0000000000,
                14.3354565930,
                 9.0145197968,
                 1.4280513883,
                 0.0242594412,
                 0.2765172654,
                 0.0664496900,
                 0.0000000000 
      ] ,
      "cd":[
                 0.0000000000,
                 0.0000000000,
                 0.0000000000,
                 0.0000000000,
                 0.0000000000,
                 0.0000000000,
                 0.0000000000,
                 0.0000000000,
                 0.0000000000,
                 0.0000000000,
                 0.0000000000,
                 0.0000000000,
                 0.0000000000,
                 0.0000000000,
                 0.0000000000,
                 0.0000000000,
                 0.0000000000,
                 0.0000000000,
                 0.5781548362 
      ] ,
      "cf":[
                 0.0000000000,
                 0.0000000000,
                 0.0000000000,
                 0.0000000000,
                 0.0000000000,
                 0.0000000000,
                 0.0000000000,
                 0.0000000000,
                 0.0000000000,
                 0.0000000000,
                 0.0000000000,
                 0.0000000000,
                 0.0000000000,
                 0.0000000000,
                 0.0000000000,
                 0.0000000000,
                 0.0000000000,
                 0.0000000000,
                 0.0000000000 
      ] ,
      "cg":[
                 0.0000000000,
                 0.0000000000,
                 0.0000000000,
                 0.0000000000,
                 0.0000000000,
                 0.0000000000,
                 0.0000000000,
                 0.0000000000,
                 0.0000000000,
                 0.0000000000,
                 0.0000000000,
                 0.0000000000,
                 0.0000000000,
                 0.0000000000,
                 0.0000000000,
                 0.0000000000,
                 0.0000000000,
                 0.0000000000,
                 0.0000000000 
      ] ,
      "ch":[
                 0.0000000000,
                 0.0000000000,
                 0.0000000000,
                 0.0000000000,
                 0.0000000000,
                 0.0000000000,
                 0.0000000000,
                 0.0000000000,
                 0.0000000000,
                 0.0000000000,
                 0.0000000000,
                 0.0000000000,
                 0.0000000000,
                 0.0000000000,
                 0.0000000000,
                 0.0000000000,
                 0.0000000000,
                 0.0000000000,
                 0.0000000000 
      ] ,
      "ci":[
                 0.0000000000,
                 0.0000000000,
                 0.0000000000,
                 0.0000000000,
                 0.0000000000,
                 0.0000000000,
                 0.0000000000,
                 0.0000000000,
                 0.0000000000,
                 0.0000000000,
                 0.0000000000,
                 0.0000000000,
                 0.0000000000,
                 0.0000000000,
                 0.0000000000,
                 0.0000000000,
                 0.0000000000,
                 0.0000000000,
                 0.0000000000 
      ] ,
      "kstart":[
         1,
         4,
         7,
         10,
         13,
         16,
         19 
      ] ,
      "katom":[
         1,
         2,
         2,
         3,
         3,
         3,
         3 
      ] ,
      "ktype":[
         1,
         1,
         2,
         1,
         2,
         2,
         3 
      ] ,
      "kng":[
         3,
         3,
         3,
         3,
         3,
         3,
         1 
      ] ,
      "kloc":[
         1,
         2,
         3,
         7,
         8,
         12,
         16 
      ] ,
      "kmin":[
         1,
         1,
         1,
         1,
         1,
         1,
         5 
      ] ,
      "kmax":[
         1,
         1,
         4,
         1,
         4,
         4,
         10 
      ] ,
      "c":[
         [
                   -2.0373778380,
                    0.0000000000,
                    2.7939768804 
         ],
         [
                    0.0000000000,
                    0.3779451975,
                    0.0000000000 
         ],
         [
                   -0.0000000000,
                    0.0000000000,
                    0.1889725988 
         ] 
      ] ,
      "zan":[
                 1.0000000000,
                 6.0000000000,
                15.0000000000 
      ] ,
      "ian":[
         1,
         6,
         15 
      ] 
   }
