{
      "ng":9 ,
      "nshell":3 ,
      "ex":[
                 3.4252509140,
                 0.6239137298,
                 0.1688554040,
                16.1195747519,
                 2.9362006634,
                 0.7946504870,
                 0.6362897469,
                 0.1478600533,
                 0.0480886784 
      ] ,
      "cs":[
                 0.2769343551,
                 0.2678388516,
                 0.0834736711,
                 0.8848562601,
                 0.8557944516,
                 0.2667137504,
                -0.0507585189,
                 0.0678936196,
                 0.0512403275 
      ] ,
      "cp":[
                 0.0000000000,
                 0.0000000000,
                 0.0000000000,
                 0.0000000000,
                 0.0000000000,
                 0.0000000000,
                 0.1262990823,
                 0.0794202522,
                 0.0125815023 
      ] ,
      "cd":[
                 0.0000000000,
                 0.0000000000,
                 0.0000000000,
                 0.0000000000,
                 0.0000000000,
                 0.0000000000,
                 0.0000000000,
                 0.0000000000,
                 0.0000000000 
      ] ,
      "cf":[
                 0.0000000000,
                 0.0000000000,
                 0.0000000000,
                 0.0000000000,
                 0.0000000000,
                 0.0000000000,
                 0.0000000000,
                 0.0000000000,
                 0.0000000000 
      ] ,
      "cg":[
                 0.0000000000,
                 0.0000000000,
                 0.0000000000,
                 0.0000000000,
                 0.0000000000,
                 0.0000000000,
                 0.0000000000,
                 0.0000000000,
                 0.0000000000 
      ] ,
      "ch":[
                 0.0000000000,
                 0.0000000000,
                 0.0000000000,
                 0.0000000000,
                 0.0000000000,
                 0.0000000000,
                 0.0000000000,
                 0.0000000000,
                 0.0000000000 
      ] ,
      "ci":[
                 0.0000000000,
                 0.0000000000,
                 0.0000000000,
                 0.0000000000,
                 0.0000000000,
                 0.0000000000,
                 0.0000000000,
                 0.0000000000,
                 0.0000000000 
      ] ,
      "kstart":[
         1,
         4,
         7 
      ] ,
      "katom":[
         1,
         2,
         2 
      ] ,
      "ktype":[
         1,
         1,
         2 
      ] ,
      "kng":[
         3,
         3,
         3 
      ] ,
      "kloc":[
         1,
         2,
         3 
      ] ,
      "kmin":[
         1,
         1,
         1 
      ] ,
      "kmax":[
         1,
         1,
         4 
      ] ,
      "c":[
         [
                   -2.0373778380,
                    0.0000000000 
         ],
         [
                    0.0000000000,
                    0.3779451975 
         ],
         [
                   -0.0000000000,
                    0.0000000000 
         ] 
      ] ,
      "zan":[
                 1.0000000000,
                 3.0000000000 
      ] ,
      "ian":[
         1,
         3 
      ] 
   }
