{
      "ng":6 ,
      "nshell":2 ,
      "ex":[
                 3.4252509140,
                 0.6239137298,
                 0.1688554040,
                 3.4252509140,
                 0.6239137298,
                 0.1688554040 
      ] ,
      "cs":[
                 0.2769343551,
                 0.2678388516,
                 0.0834736711,
                 0.2769343551,
                 0.2678388516,
                 0.0834736711 
      ] ,
      "cp":[
                 0.0000000000,
                 0.0000000000,
                 0.0000000000,
                 0.0000000000,
                 0.0000000000,
                 0.0000000000 
      ] ,
      "cd":[
                 0.0000000000,
                 0.0000000000,
                 0.0000000000,
                 0.0000000000,
                 0.0000000000,
                 0.0000000000 
      ] ,
      "cf":[
                 0.0000000000,
                 0.0000000000,
                 0.0000000000,
                 0.0000000000,
                 0.0000000000,
                 0.0000000000 
      ] ,
      "cg":[
                 0.0000000000,
                 0.0000000000,
                 0.0000000000,
                 0.0000000000,
                 0.0000000000,
                 0.0000000000 
      ] ,
      "ch":[
                 0.0000000000,
                 0.0000000000,
                 0.0000000000,
                 0.0000000000,
                 0.0000000000,
                 0.0000000000 
      ] ,
      "ci":[
                 0.0000000000,
                 0.0000000000,
                 0.0000000000,
                 0.0000000000,
                 0.0000000000,
                 0.0000000000 
      ] ,
      "kstart":[
         1,
         4 
      ] ,
      "katom":[
         1,
         2 
      ] ,
      "ktype":[
         1,
         1 
      ] ,
      "kng":[
         3,
         3 
      ] ,
      "kloc":[
         1,
         2 
      ] ,
      "kmin":[
         1,
         1 
      ] ,
      "kmax":[
         1,
         1 
      ] ,
      "c":[
         [
                    0.0000000000,
                    0.0000000000 
         ],
         [
                    0.0000000000,
                    0.0000000000 
         ],
         [
                    0.0000000000,
                    2.6456163828 
         ] 
      ] ,
      "zan":[
                 1.0000000000,
                 1.0000000000 
      ] ,
      "ian":[
         1,
         1 
      ] 
   }
