{
      "ng":50 ,
      "nshell":18 ,
      "ex":[
             14710.0000000000,
              2207.0000000000,
               502.8000000000,
               142.6000000000,
                46.4700000000,
                16.7000000000,
                 6.3560000000,
                 1.3160000000,
             14710.0000000000,
              2207.0000000000,
               502.8000000000,
               142.6000000000,
                46.4700000000,
                16.7000000000,
                 6.3560000000,
                 1.3160000000,
                 0.3897000000,
                22.6700000000,
                 4.9770000000,
                 1.3470000000,
                 0.3471000000,
                 1.6400000000,
                 0.0986300000,
                 0.0850200000,
                 0.4640000000,
              1469.0000000000,
               220.5000000000,
                50.2600000000,
                14.2400000000,
                 4.5810000000,
                 1.5800000000,
                 0.5640000000,
                 0.0734500000,
              1469.0000000000,
               220.5000000000,
                50.2600000000,
                14.2400000000,
                 4.5810000000,
                 1.5800000000,
                 0.5640000000,
                 0.0734500000,
                 0.0280500000,
                 1.5340000000,
                 0.2749000000,
                 0.0736200000,
                 0.0240300000,
                 0.1144000000,
                 0.0086000000,
                 0.0058000000,
                 0.0733000000 
      ] ,
      "cs":[
                 0.6860539599,
                 1.2737756119,
                 2.1381574210,
                 3.1291352615,
                 3.6365817662,
                 2.6402789878,
                 0.7550147486,
                 0.0134209284,
                -0.3057643671,
                -0.5843229146,
                -0.9567952951,
                -1.5280864099,
                -1.8196232811,
                -1.9573009835,
                -0.6238289143,
                 0.9594011458,
                 0.3515263595,
                 0.0000000000,
                 0.0000000000,
                 0.0000000000,
                 0.0000000000,
                 0.0000000000,
                 0.1254344607,
                 0.0000000000,
                 0.0000000000,
                 0.1294729558,
                 0.2401613575,
                 0.3989633419,
                 0.5701111413,
                 0.6307636786,
                 0.4548758379,
                 0.1273851815,
                 0.0009800020,
                -0.0380490169,
                -0.0705755049,
                -0.1182749963,
                -0.1732047211,
                -0.2046174592,
                -0.1808009087,
                -0.1186057820,
                 0.1084262844,
                 0.0488494571,
                 0.0000000000,
                 0.0000000000,
                 0.0000000000,
                 0.0000000000,
                 0.0000000000,
                 0.0201272263,
                 0.0000000000,
                 0.0000000000 
      ] ,
      "cp":[
                 0.0000000000,
                 0.0000000000,
                 0.0000000000,
                 0.0000000000,
                 0.0000000000,
                 0.0000000000,
                 0.0000000000,
                 0.0000000000,
                 0.0000000000,
                 0.0000000000,
                 0.0000000000,
                 0.0000000000,
                 0.0000000000,
                 0.0000000000,
                 0.0000000000,
                 0.0000000000,
                 0.0000000000,
                 4.5714865748,
                 3.6083765586,
                 1.5195952989,
                 0.3797592447,
                 0.0000000000,
                 0.0000000000,
                 0.0654397247,
                 0.0000000000,
                 0.0000000000,
                 0.0000000000,
                 0.0000000000,
                 0.0000000000,
                 0.0000000000,
                 0.0000000000,
                 0.0000000000,
                 0.0000000000,
                 0.0000000000,
                 0.0000000000,
                 0.0000000000,
                 0.0000000000,
                 0.0000000000,
                 0.0000000000,
                 0.0000000000,
                 0.0000000000,
                 0.0000000000,
                 0.0924806514,
                 0.0658349664,
                 0.0456225523,
                 0.0134859735,
                 0.0000000000,
                 0.0000000000,
                 0.0022815242,
                 0.0000000000 
      ] ,
      "cd":[
                 0.0000000000,
                 0.0000000000,
                 0.0000000000,
                 0.0000000000,
                 0.0000000000,
                 0.0000000000,
                 0.0000000000,
                 0.0000000000,
                 0.0000000000,
                 0.0000000000,
                 0.0000000000,
                 0.0000000000,
                 0.0000000000,
                 0.0000000000,
                 0.0000000000,
                 0.0000000000,
                 0.0000000000,
                 0.0000000000,
                 0.0000000000,
                 0.0000000000,
                 0.0000000000,
                 3.9118860015,
                 0.0000000000,
                 0.0000000000,
                 0.4293544042,
                 0.0000000000,
                 0.0000000000,
                 0.0000000000,
                 0.0000000000,
                 0.0000000000,
                 0.0000000000,
                 0.0000000000,
                 0.0000000000,
                 0.0000000000,
                 0.0000000000,
                 0.0000000000,
                 0.0000000000,
                 0.0000000000,
                 0.0000000000,
                 0.0000000000,
                 0.0000000000,
                 0.0000000000,
                 0.0000000000,
                 0.0000000000,
                 0.0000000000,
                 0.0000000000,
                 0.0370386372,
                 0.0000000000,
                 0.0000000000,
                 0.0169957922 
      ] ,
      "cf":[
                 0.0000000000,
                 0.0000000000,
                 0.0000000000,
                 0.0000000000,
                 0.0000000000,
                 0.0000000000,
                 0.0000000000,
                 0.0000000000,
                 0.0000000000,
                 0.0000000000,
                 0.0000000000,
                 0.0000000000,
                 0.0000000000,
                 0.0000000000,
                 0.0000000000,
                 0.0000000000,
                 0.0000000000,
                 0.0000000000,
                 0.0000000000,
                 0.0000000000,
                 0.0000000000,
                 0.0000000000,
                 0.0000000000,
                 0.0000000000,
                 0.0000000000,
                 0.0000000000,
                 0.0000000000,
                 0.0000000000,
                 0.0000000000,
                 0.0000000000,
                 0.0000000000,
                 0.0000000000,
                 0.0000000000,
                 0.0000000000,
                 0.0000000000,
                 0.0000000000,
                 0.0000000000,
                 0.0000000000,
                 0.0000000000,
                 0.0000000000,
                 0.0000000000,
                 0.0000000000,
                 0.0000000000,
                 0.0000000000,
                 0.0000000000,
                 0.0000000000,
                 0.0000000000,
                 0.0000000000,
                 0.0000000000,
                 0.0000000000 
      ] ,